epoch,step,train_loss_epoch,train_loss_step,val_MAE,val_MAPE,val_RMSE,val_SMAPE,val_loss
0,49,,39.15956115722656,,,,,
0,99,,14.631361961364746,,,,,
0,149,,16.03745460510254,,,,,
0,154,,,33.67677307128906,0.251226544380188,39.6068000793457,0.26408565044403076,18.296106338500977
0,154,37.66921615600586,,,,,,
1,199,,11.662802696228027,,,,,
1,249,,15.035714149475098,,,,,
1,299,,14.604107856750488,,,,,
1,309,,,29.407148361206055,0.2358519583940506,34.694297790527344,0.22860895097255707,16.040775299072266
1,309,13.532990455627441,,,,,,
2,349,,13.111117362976074,,,,,
2,399,,15.5709810256958,,,,,
2,449,,12.340180397033691,,,,,
2,464,,,29.36405372619629,0.240325465798378,34.52118682861328,0.22834298014640808,15.912524223327637
2,464,13.323960304260254,,,,,,
3,499,,13.856492042541504,,,,,
3,549,,13.759323120117188,,,,,
3,599,,11.436667442321777,,,,,
3,619,,,29.794282913208008,0.2333555370569229,35.23154830932617,0.23150084912776947,16.154037475585938
3,619,13.279874801635742,,,,,,
4,649,,14.326733589172363,,,,,
4,699,,13.858695030212402,,,,,
4,749,,12.273241996765137,,,,,
4,774,,,29.653682708740234,0.23293453454971313,35.08530044555664,0.23058190941810608,15.94615364074707
4,774,13.28339958190918,,,,,,
5,799,,12.284584045410156,,,,,
5,849,,12.077364921569824,,,,,
5,899,,10.86789608001709,,,,,
5,929,,,29.409040451049805,0.23572619259357452,34.68699645996094,0.22868195176124573,16.027542114257812
5,929,13.277413368225098,,,,,,
6,949,,14.430390357971191,,,,,
6,999,,15.2755708694458,,,,,
6,1049,,15.52477741241455,,,,,
6,1084,,,33.363372802734375,0.2505551278591156,39.25510787963867,0.261802613735199,18.797801971435547
6,1084,13.893762588500977,,,,,,
7,1099,,15.26593017578125,,,,,
7,1149,,17.595609664916992,,,,,
7,1199,,14.457768440246582,,,,,
7,1239,,,33.14397048950195,0.25088855624198914,38.97468185424805,0.25995633006095886,18.525808334350586
7,1239,14.15183162689209,,,,,,
